Workbook

Sheet connector_leads
A1: lead_id | B1: connector_id | C1: region | D1: segment | E1: product | F1: lead_date | G1: approved | H1: approved count | I1: disbursed | J1: disbursed count | K1: tat_days | L1: disbursal_amount
A2: LD10000 | B2: CN1005 | C2: Delhi NCR | D2: Direct Sales | E2: Personal Loan | F2: 46029 | G2: FALSE | H2: =--G2 -> 0 | I2: FALSE | J2: =--I2 -> 0 | L2: 0
A3: LD10001 | B3: CN1028 | C3: Mumbai | D3: Aggregator | E3: Home Loan | F3: 46080 | G3: TRUE | H3: =--G3 -> 1 | I3: TRUE | J3: =--I3 -> 1 | K3: 25 | L3: 2236000
A4: LD10002 | B4: CN1013 | C4: Chennai | D4: Aggregator | E4: Personal Loan | F4: 46131 | G4: TRUE | H4: =--G4 -> 1 | I4: TRUE | J4: =--I4 -> 1 | K4: 9 | L4: 1288000
A5: LD10003 | B5: CN1036 | C5: Hyderabad | D5: DSA | E5: Personal Loan | F5: 46166 | G5: TRUE | H5: =--G5 -> 1 | I5: TRUE | J5: =--I5 -> 1 | K5: 19 | L5: 1078000
A6: LD10004 | B6: CN1049 | C6: Pune | D6: Digital Partner | E6: Business Loan | F6: 46173 | G6: TRUE | H6: =--G6 -> 1 | I6: FALSE | J6: =--I6 -> 0 | K6: 7 | L6: 0
A7: LD10005 | B7: CN1023 | C7: Delhi NCR | D7: Digital Partner | E7: Business Loan | F7: 46110 | G7: TRUE | H7: =--G7 -> 1 | I7: TRUE | J7: =--I7 -> 1 | K7: 12 | L7: 300000
A8: LD10006 | B8: CN1014 | C8: Delhi NCR | D8: Aggregator | E8: Business Loan | F8: 46047 | G8: TRUE | H8: =--G8 -> 1 | I8: TRUE | J8: =--I8 -> 1 | K8: 10 | L8: 2027000
A9: LD10007 | B9: CN1059 | C9: Pune | D9: DSA | E9: Business Loan | F9: 46160 | G9: TRUE | H9: =--G9 -> 1 | I9: FALSE | J9: =--I9 -> 0 | K9: 4 | L9: 0
A10: LD10008 | B10: CN1053 | C10: Mumbai | D10: DSA | E10: LAP | F10: 46115 | G10: TRUE | H10: =--G10 -> 1 | I10: TRUE | J10: =--I10 -> 1 | K10: 3 | L10: 1670000
A11: LD10009 | B11: CN1057 | C11: Pune | D11: DSA | E11: LAP | F11: 46043 | G11: FALSE | H11: =--G11 -> 0 | I11: FALSE | J11: =--I11 -> 0 | L11: 0
A12: LD10010 | B12: CN1015 | C12: Pune | D12: Aggregator | E12: Personal Loan | F12: 46120 | G12: TRUE | H12: =--G12 -> 1 | I12: TRUE | J12: =--I12 -> 1 | K12: 13 | L12: 449000
A13: LD10011 | B13: CN1051 | C13: Delhi NCR | D13: DSA | E13: LAP | F13: 46076 | G13: FALSE | H13: =--G13 -> 0 | I13: FALSE | J13: =--I13 -> 0 | L13: 0
A14: LD10012 | B14: CN1040 | C14: Mumbai | D14: Digital Partner | E14: Personal Loan | F14: 46066 | G14: TRUE | H14: =--G14 -> 1 | I14: TRUE | J14: =--I14 -> 1 | K14: 16 | L14: 980000
A15: LD10013 | B15: CN1033 | C15: Pune | D15: Aggregator | E15: Home Loan | F15: 46106 | G15: FALSE | H15: =--G15 -> 0 | I15: FALSE | J15: =--I15 -> 0 | L15: 0
A16: LD10014 | B16: CN1031 | C16: Delhi NCR | D16: Direct Sales | E16: Personal Loan | F16: 46081 | G16: FALSE | H16: =--G16 -> 0 | I16: FALSE | J16: =--I16 -> 0 | L16: 0
A17: LD10015 | B17: CN1041 | C17: Bangalore | D17: DSA | E17: LAP | F17: 46125 | G17: TRUE | H17: =--G17 -> 1 | I17: TRUE | J17: =--I17 -> 1 | K17: 20 | L17: 2197000
A18: LD10016 | B18: CN1012 | C18: Hyderabad | D18: Aggregator | E18: LAP | F18: 46077 | G18: FALSE | H18: =--G18 -> 0 | I18: FALSE | J18: =--I18 -> 0 | L18: 0
A19: LD10017 | B19: CN1043 | C19: Bangalore | D19: Direct Sales | E19: Business Loan | F19: 46140 | G19: TRUE | H19: =--G19 -> 1 | I19: TRUE | J19: =--I19 -> 1 | K19: 25 | L19: 1425000
A20: LD10018 | B20: CN1007 | C20: Bangalore | D20: DSA | E20: LAP | F20: 46172 | G20: TRUE | H20: =--G20 -> 1 | I20: TRUE | J20: =--I20 -> 1 | K20: 13 | L20: 587000
A21: LD10019 | B21: CN1046 | C21: Delhi NCR | D21: Aggregator | E21: Home Loan | F21: 46153 | G21: TRUE | H21: =--G21 -> 1 | I21: TRUE | J21: =--I21 -> 1 | K21: 5 | L21: 424000
A22: LD10020 | B22: CN1038 | C22: Pune | D22: Digital Partner | E22: Home Loan | F22: 46131 | G22: TRUE | H22: =--G22 -> 1 | I22: TRUE | J22: =--I22 -> 1 | K22: 21 | L22: 2490000
A23: LD10021 | B23: CN1031 | C23: Delhi NCR | D23: Direct Sales | E23: LAP | F23: 46164 | G23: FALSE | H23: =--G23 -> 0 | I23: FALSE | J23: =--I23 -> 0 | L23: 0
A24: LD10022 | B24: CN1012 | C24: Hyderabad | D24: Aggregator | E24: Personal Loan | F24: 46052 | G24: FALSE | H24: =--G24 -> 0 | I24: FALSE | J24: =--I24 -> 0 | L24: 0
A25: LD10023 | B25: CN1037 | C25: Bangalore | D25: Aggregator | E25: LAP | F25: 46110 | G25: TRUE | H25: =--G25 -> 1 | I25: TRUE | J25: =--I25 -> 1 | K25: 16 | L25: 58000
A26: LD10024 | B26: CN1041 | C26: Bangalore | D26: DSA | E26: LAP | F26: 46151 | G26: FALSE | H26: =--G26 -> 0 | I26: FALSE | J26: =--I26 -> 0 | L26: 0
A27: LD10025 | B27: CN1006 | C27: Bangalore | D27: Aggregator | E27: Personal Loan | F27: 46099 | G27: FALSE | H27: =--G27 -> 0 | I27: FALSE | J27: =--I27 -> 0 | L27: 0
A28: LD10026 | B28: CN1052 | C28: Delhi NCR | D28: DSA | E28: Home Loan | F28: 46062 | G28: TRUE | H28: =--G28 -> 1 | I28: TRUE | J28: =--I28 -> 1 | K28: 18 | L28: 2300000
A29: LD10027 | B29: CN1012 | C29: Hyderabad | D29: Aggregator | E29: LAP | F29: 46148 | G29: TRUE | H29: =--G29 -> 1 | I29: FALSE | J29: =--I29 -> 0 | K29: 11 | L29: 0
A30: LD10028 | B30: CN1037 | C30: Bangalore | D30: Aggregator | E30: Home Loan | F30: 46037 | G30: TRUE | H30: =--G30 -> 1 | I30: TRUE | J30: =--I30 -> 1 | K30: 4 | L30: 260000
A31: LD10029 | B31: CN1049 | C31: Pune | D31: Digital Partner | E31: Business Loan | F31: 46040 | G31: FALSE | H31: =--G31 -> 0 | I31: FALSE | J31: =--I31 -> 0 | L31: 0
A32: LD10030 | B32: CN1036 | C32: Hyderabad | D32: DSA | E32: Home Loan | F32: 46055 | G32: FALSE | H32: =--G32 -> 0 | I32: FALSE | J32: =--I32 -> 0 | L32: 0
A33: LD10031 | B33: CN1012 | C33: Hyderabad | D33: Aggregator | E33: Home Loan | F33: 46090 | G33: FALSE | H33: =--G33 -> 0 | I33: FALSE | J33: =--I33 -> 0 | L33: 0
A34: LD10032 | B34: CN1033 | C34: Pune | D34: Aggregator | E34: Business Loan | F34: 46077 | G34: FALSE | H34: =--G34 -> 0 | I34: FALSE | J34: =--I34 -> 0 | L34: 0
A35: LD10033 | B35: CN1015 | C35: Pune | D35: Aggregator | E35: Home Loan | F35: 46102 | G35: TRUE | H35: =--G35 -> 1 | I35: TRUE | J35: =--I35 -> 1 | K35: 13 | L35: 1123000
A36: LD10034 | B36: CN1056 | C36: Delhi NCR | D36: DSA | E36: Business Loan | F36: 46053 | G36: TRUE | H36: =--G36 -> 1 | I36: TRUE | J36: =--I36 -> 1 | K36: 2 | L36: 1491000
A37: LD10035 | B37: CN1012 | C37: Hyderabad | D37: Aggregator | E37: Home Loan | F37: 46173 | G37: TRUE | H37: =--G37 -> 1 | I37: TRUE | J37: =--I37 -> 1 | K37: 22 | L37: 194000
A38: LD10036 | B38: CN1041 | C38: Bangalore | D38: DSA | E38: Personal Loan | F38: 46031 | G38: FALSE | H38: =--G38 -> 0 | I38: FALSE | J38: =--I38 -> 0 | L38: 0
A39: LD10037 | B39: CN1054 | C39: Delhi NCR | D39: Direct Sales | E39: Personal Loan | F39: 46154 | G39: TRUE | H39: =--G39 -> 1 | I39: TRUE | J39: =--I39 -> 1 | K39: 8 | L39: 1371000
A40: LD10038 | B40: CN1017 | C40: Hyderabad | D40: Digital Partner | E40: Business Loan | F40: 46085 | G40: FALSE | H40: =--G40 -> 0 | I40: FALSE | J40: =--I40 -> 0 | L40: 0
A41: LD10039 | B41: CN1030 | C41: Bangalore | D41: Digital Partner | E41: Business Loan | F41: 46071 | G41: TRUE | H41: =--G41 -> 1 | I41: TRUE | J41: =--I41 -> 1 | K41: 13 | L41: 1088000
A42: LD10040 | B42: CN1047 | C42: Pune | D42: DSA | E42: Business Loan | F42: 46036 | G42: FALSE | H42: =--G42 -> 0 | I42: FALSE | J42: =--I42 -> 0 | L42: 0
A43: LD10041 | B43: CN1059 | C43: Pune | D43: DSA | E43: Personal Loan | F43: 46038 | G43: TRUE | H43: =--G43 -> 1 | I43: TRUE | J43: =--I43 -> 1 | K43: 5 | L43: 659000
A44: LD10042 | B44: CN1005 | C44: Delhi NCR | D44: Direct Sales | E44: Home Loan | F44: 46160 | G44: TRUE | H44: =--G44 -> 1 | I44: TRUE | J44: =--I44 -> 1 | K44: 10 | L44: 1183000
A45: LD10043 | B45: CN1026 | C45: Pune | D45: Aggregator | E45: Personal Loan | F45: 46136 | G45: FALSE | H45: =--G45 -> 0 | I45: FALSE | J45: =--I45 -> 0 | L45: 0
A46: LD10044 | B46: CN1008 | C46: Bangalore | D46: Digital Partner | E46: Personal Loan | F46: 46035 | G46: FALSE | H46: =--G46 -> 0 | I46: FALSE | J46: =--I46 -> 0 | L46: 0
A47: LD10045 | B47: CN1027 | C47: Mumbai | D47: Digital Partner | E47: Personal Loan | F47: 46046 | G47: FALSE | H47: =--G47 -> 0 | I47: FALSE | J47: =--I47 -> 0 | L47: 0
A48: LD10046 | B48: CN1001 | C48: Chennai | D48: Digital Partner | E48: Home Loan | F48: 46065 | G48: FALSE | H48: =--G48 -> 0 | I48: FALSE | J48: =--I48 -> 0 | L48: 0
A49: LD10047 | B49: CN1026 | C49: Pune | D49: Aggregator | E49: Business Loan | F49: 46077 | G49: FALSE | H49: =--G49 -> 0 | I49: FALSE | J49: =--I49 -> 0 | L49: 0
A50: LD10048 | B50: CN1028 | C50: Mumbai | D50: Aggregator | E50: Personal Loan | F50: 46065 | G50: TRUE | H50: =--G50 -> 1 | I50: FALSE | J50: =--I50 -> 0 | K50: 10 | L50: 0
A51: LD10049 | B51: CN1036 | C51: Hyderabad | D51: DSA | E51: Business Loan | F51: 46096 | G51: TRUE | H51: =--G51 -> 1 | I51: FALSE | J51: =--I51 -> 0 | K51: 19 | L51: 0
A52: LD10050 | B52: CN1025 | C52: Chennai | D52: Aggregator | E52: Business Loan | F52: 46062 | G52: TRUE | H52: =--G52 -> 1 | I52: TRUE | J52: =--I52 -> 1 | K52: 3 | L52: 1469000
A53: LD10051 | B53: CN1017 | C53: Hyderabad | D53: Digital Partner | E53: Personal Loan | F53: 46103 | G53: TRUE | H53: =--G53 -> 1 | I53: TRUE | J53: =--I53 -> 1 | K53: 18 | L53: 2302000
A54: LD10052 | B54: CN1027 | C54: Mumbai | D54: Digital Partner | E54: Home Loan | F54: 46037 | G54: FALSE | H54: =--G54 -> 0 | I54: FALSE | J54: =--I54 -> 0 | L54: 0
A55: LD10053 | B55: CN1005 | C55: Delhi NCR | D55: Direct Sales | E55: Personal Loan | F55: 46070 | G55: TRUE | H55: =--G55 -> 1 | I55: TRUE | J55: =--I55 -> 1 | K55: 9 | L55: 1039000
A56: LD10054 | B56: CN1033 | C56: Pune | D56: Aggregator | E56: Home Loan | F56: 46171 | G56: FALSE | H56: =--G56 -> 0 | I56: FALSE | J56: =--I56 -> 0 | L56: 0
A57: LD10055 | B57: CN1001 | C57: Chennai | D57: Digital Partner | E57: Personal Loan | F57: 46130 | G57: FALSE | H57: =--G57 -> 0 | I57: FALSE | J57: =--I57 -> 0 | L57: 0
A58: LD10056 | B58: CN1033 | C58: Pune | D58: Aggregator | E58: LAP | F58: 46089 | G58: TRUE | H58: =--G58 -> 1 | I58: TRUE | J58: =--I58 -> 1 | K58: 9 | L58: 701000
A59: LD10057 | B59: CN1049 | C59: Pune | D59: Digital Partner | E59: Home Loan | F59: 46099 | G59: TRUE | H59: =--G59 -> 1 | I59: FALSE | J59: =--I59 -> 0 | K59: 4 | L59: 0
A60: LD10058 | B60: CN1051 | C60: Delhi NCR | D60: DSA | E60: Personal Loan | F60: 46140 | G60: TRUE | H60: =--G60 -> 1 | I60: TRUE | J60: =--I60 -> 1 | K60: 5 | L60: 229000
A61: LD10059 | B61: CN1025 | C61: Chennai | D61: Aggregator | E61: Home Loan | F61: 46152 | G61: FALSE | H61: =--G61 -> 0 | I61: FALSE | J61: =--I61 -> 0 | L61: 0
A62: LD10060 | B62: CN1042 | C62: Chennai | D62: Aggregator | E62: LAP | F62: 46040 | G62: FALSE | H62: =--G62 -> 0 | I62: FALSE | J62: =--I62 -> 0 | L62: 0
A63: LD10061 | B63: CN1042 | C63: Chennai | D63: Aggregator | E63: LAP | F63: 46095 | G63: TRUE | H63: =--G63 -> 1 | I63: TRUE | J63: =--I63 -> 1 | K63: 24 | L63: 791000
A64: LD10062 | B64: CN1002 | C64: Bangalore | D64: DSA | E64: Personal Loan | F64: 46164 | G64: TRUE | H64: =--G64 -> 1 | I64: TRUE | J64: =--I64 -> 1 | K64: 6 | L64: 698000
A65: LD10063 | B65: CN1034 | C65: Hyderabad | D65: Direct Sales | E65: Personal Loan | F65: 46164 | G65: TRUE | H65: =--G65 -> 1 | I65: TRUE | J65: =--I65 -> 1 | K65: 8 | L65: 1808000
A66: LD10064 | B66: CN1018 | C66: Delhi NCR | D66: Aggregator | E66: Home Loan | F66: 46090 | G66: FALSE | H66: =--G66 -> 0 | I66: FALSE | J66: =--I66 -> 0 | L66: 0
A67: LD10065 | B67: CN1001 | C67: Chennai | D67: Digital Partner | E67: LAP | F67: 46036 | G67: TRUE | H67: =--G67 -> 1 | I67: TRUE | J67: =--I67 -> 1 | K67: 10 | L67: 158000
A68: LD10066 | B68: CN1035 | C68: Hyderabad | D68: Digital Partner | E68: LAP | F68: 46056 | G68: TRUE | H68: =--G68 -> 1 | I68: TRUE | J68: =--I68 -> 1 | K68: 25 | L68: 1132000
A69: LD10067 | B69: CN1025 | C69: Chennai | D69: Aggregator | E69: Business Loan | F69: 46166 | G69: TRUE | H69: =--G69 -> 1 | I69: TRUE | J69: =--I69 -> 1 | K69: 24 | L69: 2265000
A70: LD10068 | B70: CN1032 | C70: Pune | D70: Digital Partner | E70: Personal Loan | F70: 46117 | G70: TRUE | H70: =--G70 -> 1 | I70: TRUE | J70: =--I70 -> 1 | K70: 6 | L70: 152000
A71: LD10069 | B71: CN1034 | C71: Hyderabad | D71: Direct Sales | E71: LAP | F71: 46033 | G71: FALSE | H71: =--G71 -> 0 | I71: FALSE | J71: =--I71 -> 0 | L71: 0
A72: LD10070 | B72: CN1055 | C72: Chennai | D72: DSA | E72: Home Loan | F72: 46086 | G72: FALSE | H72: =--G72 -> 0 | I72: FALSE | J72: =--I72 -> 0 | L72: 0
A73: LD10071 | B73: CN1004 | C73: Chennai | D73: Direct Sales | E73: LAP | F73: 46166 | G73: FALSE | H73: =--G73 -> 0 | I73: FALSE | J73: =--I73 -> 0 | L73: 0
A74: LD10072 | B74: CN1048 | C74: Mumbai | D74: Digital Partner | E74: Business Loan | F74: 46062 | G74: FALSE | H74: =--G74 -> 0 | I74: FALSE | J74: =--I74 -> 0 | L74: 0
A75: LD10073 | B75: CN1027 | C75: Mumbai | D75: Digital Partner | E75: Home Loan | F75: 46064 | G75: FALSE | H75: =--G75 -> 0 | I75: FALSE | J75: =--I75 -> 0 | L75: 0
A76: LD10074 | B76: CN1004 | C76: Chennai | D76: Direct Sales | E76: Home Loan | F76: 46128 | G76: TRUE | H76: =--G76 -> 1 | I76: TRUE | J76: =--I76 -> 1 | K76: 12 | L76: 1967000
A77: LD10075 | B77: CN1011 | C77: Bangalore | D77: Digital Partner | E77: Business Loan | F77: 46086 | G77: TRUE | H77: =--G77 -> 1 | I77: TRUE | J77: =--I77 -> 1 | K77: 5 | L77: 987000
A78: LD10076 | B78: CN1011 | C78: Bangalore | D78: Digital Partner | E78: Personal Loan | F78: 46143 | G78: TRUE | H78: =--G78 -> 1 | I78: TRUE | J78: =--I78 -> 1 | K78: 16 | L78: 907000
A79: LD10077 | B79: CN1025 | C79: Chennai | D79: Aggregator | E79: Home Loan | F79: 46080 | G79: TRUE | H79: =--G79 -> 1 | I79: TRUE | J79: =--I79 -> 1 | K79: 12 | L79: 733000
A80: LD10078 | B80: CN1003 | C80: Chennai | D80: Digital Partner | E80: Personal Loan | F80: 46094 | G80: TRUE | H80: =--G80 -> 1 | I80: TRUE | J80: =--I80 -> 1 | K80: 23 | L80: 2454000
A81: LD10079 | B81: CN1026 | C81: Pune | D81: Aggregator | E81: LAP | F81: 46030 | G81: TRUE | H81: =--G81 -> 1 | I81: FALSE | J81: =--I81 -> 0 | K81: 7 | L81: 0
A82: LD10080 | B82: CN1045 | C82: Mumbai | D82: Digital Partner | E82: LAP | F82: 46032 | G82: TRUE | H82: =--G82 -> 1 | I82: TRUE | J82: =--I82 -> 1 | K82: 25 | L82: 1977000
A83: LD10081 | B83: CN1056 | C83: Delhi NCR | D83: DSA | E83: Business Loan | F83: 46153 | G83: TRUE | H83: =--G83 -> 1 | I83: FALSE | J83: =--I83 -> 0 | K83: 8 | L83: 0
A84: LD10082 | B84: CN1029 | C84: Bangalore | D84: Direct Sales | E84: LAP | F84: 46034 | G84: FALSE | H84: =--G84 -> 0 | I84: FALSE | J84: =--I84 -> 0 | L84: 0
A85: LD10083 | B85: CN1038 | C85: Pune | D85: Digital Partner | E85: Personal Loan | F85: 46156 | G85: FALSE | H85: =--G85 -> 0 | I85: FALSE | J85: =--I85 -> 0 | L85: 0
A86: LD10084 | B86: CN1040 | C86: Mumbai | D86: Digital Partner | E86: Home Loan | F86: 46116 | G86: TRUE | H86: =--G86 -> 1 | I86: FALSE | J86: =--I86 -> 0 | K86: 12 | L86: 0
A87: LD10085 | B87: CN1038 | C87: Pune | D87: Digital Partner | E87: LAP | F87: 46054 | G87: FALSE | H87: =--G87 -> 0 | I87: FALSE | J87: =--I87 -> 0 | L87: 0
A88: LD10086 | B88: CN1029 | C88: Bangalore | D88: Direct Sales | E88: LAP | F88: 46152 | G88: TRUE | H88: =--G88 -> 1 | I88: TRUE | J88: =--I88 -> 1 | K88: 14 | L88: 1758000
A89: LD10087 | B89: CN1010 | C89: Pune | D89: Digital Partner | E89: Home Loan | F89: 46072 | G89: TRUE | H89: =--G89 -> 1 | I89: FALSE | J89: =--I89 -> 0 | K89: 23 | L89: 0
A90: LD10088 | B90: CN1004 | C90: Chennai | D90: Direct Sales | E90: Home Loan | F90: 46168 | G90: TRUE | H90: =--G90 -> 1 | I90: TRUE | J90: =--I90 -> 1 | K90: 2 | L90: 794000
A91: LD10089 | B91: CN1029 | C91: Bangalore | D91: Direct Sales | E91: Home Loan | F91: 46133 | G91: FALSE | H91: =--G91 -> 0 | I91: FALSE | J91: =--I91 -> 0 | L91: 0
A92: LD10090 | B92: CN1012 | C92: Hyderabad | D92: Aggregator | E92: LAP | F92: 46142 | G92: TRUE | H92: =--G92 -> 1 | I92: TRUE | J92: =--I92 -> 1 | K92: 18 | L92: 1209000
A93: LD10091 | B93: CN1047 | C93: Pune | D93: DSA | E93: Home Loan | F93: 46044 | G93: TRUE | H93: =--G93 -> 1 | I93: TRUE | J93: =--I93 -> 1 | K93: 21 | L93: 871000
A94: LD10092 | B94: CN1006 | C94: Bangalore | D94: Aggregator | E94: Home Loan | F94: 46102 | G94: TRUE | H94: =--G94 -> 1 | I94: TRUE | J94: =--I94 -> 1 | K94: 2 | L94: 163000
A95: LD10093 | B95: CN1008 | C95: Bangalore | D95: Digital Partner | E95: Business Loan | F95: 46041 | G95: TRUE | H95: =--G95 -> 1 | I95: FALSE | J95: =--I95 -> 0 | K95: 20 | L95: 0
A96: LD10094 | B96: CN1023 | C96: Delhi NCR | D96: Digital Partner | E96: Home Loan | F96: 46121 | G96: TRUE | H96: =--G96 -> 1 | I96: TRUE | J96: =--I96 -> 1 | K96: 22 | L96: 1735000
A97: LD10095 | B97: CN1021 | C97: Mumbai | D97: Aggregator | E97: Personal Loan | F97: 46131 | G97: TRUE | H97: =--G97 -> 1 | I97: TRUE | J97: =--I97 -> 1 | K97: 24 | L97: 1319000
A98: LD10096 | B98: CN1037 | C98: Bangalore | D98: Aggregator | E98: Personal Loan | F98: 46165 | G98: TRUE | H98: =--G98 -> 1 | I98: TRUE | J98: =--I98 -> 1 | K98: 16 | L98: 377000
A99: LD10097 | B99: CN1036 | C99: Hyderabad | D99: DSA | E99: Business Loan | F99: 46158 | G99: FALSE | H99: =--G99 -> 0 | I99: FALSE | J99: =--I99 -> 0 | L99: 0
A100: LD10098 | B100: CN1049 | C100: Pune | D100: Digital Partner | E100: LAP | F100: 46136 | G100: TRUE | H100: =--G100 -> 1 | I100: TRUE | J100: =--I100 -> 1 | K100: 18 | L100: 1096000
...

Sheet Region Funnel
A1: Region-wise Sales Funnel
E2: Conversion%
E3: =D3/B3 -> 0.56670602
E4: =D4/B4 -> 0.28144458
E5: =D5/B5 -> 0.52707581
E6: =D6/B6 -> 0.53313697
E7: =D7/B7 -> 0.49489796
E8: =D8/B8 -> 0.49600639

Sheet Product Funnel
A1: Product-wise Sales Funnel
E2: Conversion%
E3: =D3/B3 -> 0.48224152
E4: =D4/B4 -> 0.47662018
E5: =D5/B5 -> 0.49115756
E6: =D6/B6 -> 0.48425197

Sheet Segment Funnel
A1: Segment-wise Sales Funnel
E2: Conversion%
E3: =D3/B3 -> 0.39248434
E4: =D4/B4 -> 0.51939058
E5: =D5/B5 -> 0.51422071
E6: =D6/B6 -> 0.52580645

Sheet Connector Scorecard
A1: Connector Scorecard
A2: Connector ID | B2: Region | C2: Segment | D2: Total Leads | E2: Total Approvals | F2: Total Disbursal | G2: Conversion% | H2: Performance Flag
A3: CN1005 | B3: {=XLOOKUP(A3,connector_leads!B2:B5001,connector_leads!C2:C5001)} -> Delhi NCR | C3: {=XLOOKUP(A3,connector_leads!B2:B5001,connector_leads!D2:D5001)} -> Direct Sales | D3: =COUNTIF(connector_leads!B2:B5001,A3) -> 79 | E3: =SUMIFS(connector_leads!H2:H5001,connector_leads!B2:B5001,A3) -> 53 | F3: =SUMIFS(connector_leads!J2:J5001,connector_leads!B2:B5001,A3) -> 50 | G3: =F3/D3 -> 0.63291139 | H3: =IFS(G3<0.4,"Needs Attention",G3<0.55,"Average",G3>=0.55,"Strong") -> Strong
A4: CN1028 | B4: {=XLOOKUP(A4,connector_leads!B3:B5002,connector_leads!C3:C5002)} -> Mumbai | C4: {=XLOOKUP(A4,connector_leads!B3:B5002,connector_leads!D3:D5002)} -> Aggregator | D4: =COUNTIF(connector_leads!B3:B5002,A4) -> 59 | E4: =SUMIFS(connector_leads!H3:H5002,connector_leads!B3:B5002,A4) -> 30 | F4: =SUMIFS(connector_leads!J3:J5002,connector_leads!B3:B5002,A4) -> 24 | G4: =F4/D4 -> 0.40677966 | H4: =IFS(G4<0.4,"Needs Attention",G4<0.55,"Average",G4>=0.55,"Strong") -> Average
A5: CN1013 | B5: {=XLOOKUP(A5,connector_leads!B4:B5003,connector_leads!C4:C5003)} -> Chennai | C5: {=XLOOKUP(A5,connector_leads!B4:B5003,connector_leads!D4:D5003)} -> Aggregator | D5: =COUNTIF(connector_leads!B4:B5003,A5) -> 67 | E5: =SUMIFS(connector_leads!H4:H5003,connector_leads!B4:B5003,A5) -> 18 | F5: =SUMIFS(connector_leads!J4:J5003,connector_leads!B4:B5003,A5) -> 15 | G5: =F5/D5 -> 0.2238806 | H5: =IFS(G5<0.4,"Needs Attention",G5<0.55,"Average",G5>=0.55,"Strong") -> Needs Attention
A6: CN1036 | B6: {=XLOOKUP(A6,connector_leads!B5:B5004,connector_leads!C5:C5004)} -> Hyderabad | C6: {=XLOOKUP(A6,connector_leads!B5:B5004,connector_leads!D5:D5004)} -> DSA | D6: =COUNTIF(connector_leads!B5:B5004,A6) -> 88 | E6: =SUMIFS(connector_leads!H5:H5004,connector_leads!B5:B5004,A6) -> 56 | F6: =SUMIFS(connector_leads!J5:J5004,connector_leads!B5:B5004,A6) -> 48 | G6: =F6/D6 -> 0.54545455 | H6: =IFS(G6<0.4,"Needs Attention",G6<0.55,"Average",G6>=0.55,"Strong") -> Average
A7: CN1049 | B7: {=XLOOKUP(A7,connector_leads!B6:B5005,connector_leads!C6:C5005)} -> Pune | C7: {=XLOOKUP(A7,connector_leads!B6:B5005,connector_leads!D6:D5005)} -> Digital Partner | D7: =COUNTIF(connector_leads!B6:B5005,A7) -> 90 | E7: =SUMIFS(connector_leads!H6:H5005,connector_leads!B6:B5005,A7) -> 53 | F7: =SUMIFS(connector_leads!J6:J5005,connector_leads!B6:B5005,A7) -> 41 | G7: =F7/D7 -> 0.45555556 | H7: =IFS(G7<0.4,"Needs Attention",G7<0.55,"Average",G7>=0.55,"Strong") -> Average
A8: CN1023 | B8: {=XLOOKUP(A8,connector_leads!B7:B5006,connector_leads!C7:C5006)} -> Delhi NCR | C8: {=XLOOKUP(A8,connector_leads!B7:B5006,connector_leads!D7:D5006)} -> Digital Partner | D8: =COUNTIF(connector_leads!B7:B5006,A8) -> 88 | E8: =SUMIFS(connector_leads!H7:H5006,connector_leads!B7:B5006,A8) -> 52 | F8: =SUMIFS(connector_leads!J7:J5006,connector_leads!B7:B5006,A8) -> 43 | G8: =F8/D8 -> 0.48863636 | H8: =IFS(G8<0.4,"Needs Attention",G8<0.55,"Average",G8>=0.55,"Strong") -> Average
A9: CN1014 | B9: {=XLOOKUP(A9,connector_leads!B8:B5007,connector_leads!C8:C5007)} -> Delhi NCR | C9: {=XLOOKUP(A9,connector_leads!B8:B5007,connector_leads!D8:D5007)} -> Aggregator | D9: =COUNTIF(connector_leads!B8:B5007,A9) -> 70 | E9: =SUMIFS(connector_leads!H8:H5007,connector_leads!B8:B5007,A9) -> 41 | F9: =SUMIFS(connector_leads!J8:J5007,connector_leads!B8:B5007,A9) -> 32 | G9: =F9/D9 -> 0.45714286 | H9: =IFS(G9<0.4,"Needs Attention",G9<0.55,"Average",G9>=0.55,"Strong") -> Average
A10: CN1059 | B10: {=XLOOKUP(A10,connector_leads!B9:B5008,connector_leads!C9:C5008)} -> Pune | C10: {=XLOOKUP(A10,connector_leads!B9:B5008,connector_leads!D9:D5008)} -> DSA | D10: =COUNTIF(connector_leads!B9:B5008,A10) -> 78 | E10: =SUMIFS(connector_leads!H9:H5008,connector_leads!B9:B5008,A10) -> 48 | F10: =SUMIFS(connector_leads!J9:J5008,connector_leads!B9:B5008,A10) -> 42 | G10: =F10/D10 -> 0.53846154 | H10: =IFS(G10<0.4,"Needs Attention",G10<0.55,"Average",G10>=0.55,"Strong") -> Average
A11: CN1053 | B11: {=XLOOKUP(A11,connector_leads!B10:B5009,connector_leads!C10:C5009)} -> Mumbai | C11: {=XLOOKUP(A11,connector_leads!B10:B5009,connector_leads!D10:D5009)} -> DSA | D11: =COUNTIF(connector_leads!B10:B5009,A11) -> 95 | E11: =SUMIFS(connector_leads!H10:H5009,connector_leads!B10:B5009,A11) -> 54 | F11: =SUMIFS(connector_leads!J10:J5009,connector_leads!B10:B5009,A11) -> 48 | G11: =F11/D11 -> 0.50526316 | H11: =IFS(G11<0.4,"Needs Attention",G11<0.55,"Average",G11>=0.55,"Strong") -> Average
A12: CN1057 | B12: {=XLOOKUP(A12,connector_leads!B11:B5010,connector_leads!C11:C5010)} -> Pune | C12: {=XLOOKUP(A12,connector_leads!B11:B5010,connector_leads!D11:D5010)} -> DSA | D12: =COUNTIF(connector_leads!B11:B5010,A12) -> 70 | E12: =SUMIFS(connector_leads!H11:H5010,connector_leads!B11:B5010,A12) -> 49 | F12: =SUMIFS(connector_leads!J11:J5010,connector_leads!B11:B5010,A12) -> 40 | G12: =F12/D12 -> 0.57142857 | H12: =IFS(G12<0.4,"Needs Attention",G12<0.55,"Average",G12>=0.55,"Strong") -> Strong
A13: CN1015 | B13: {=XLOOKUP(A13,connector_leads!B12:B5011,connector_leads!C12:C5011)} -> Pune | C13: {=XLOOKUP(A13,connector_leads!B12:B5011,connector_leads!D12:D5011)} -> Aggregator | D13: =COUNTIF(connector_leads!B12:B5011,A13) -> 94 | E13: =SUMIFS(connector_leads!H12:H5011,connector_leads!B12:B5011,A13) -> 50 | F13: =SUMIFS(connector_leads!J12:J5011,connector_leads!B12:B5011,A13) -> 42 | G13: =F13/D13 -> 0.44680851 | H13: =IFS(G13<0.4,"Needs Attention",G13<0.55,"Average",G13>=0.55,"Strong") -> Average
A14: CN1051 | B14: {=XLOOKUP(A14,connector_leads!B13:B5012,connector_leads!C13:C5012)} -> Delhi NCR | C14: {=XLOOKUP(A14,connector_leads!B13:B5012,connector_leads!D13:D5012)} -> DSA | D14: =COUNTIF(connector_leads!B13:B5012,A14) -> 84 | E14: =SUMIFS(connector_leads!H13:H5012,connector_leads!B13:B5012,A14) -> 53 | F14: =SUMIFS(connector_leads!J13:J5012,connector_leads!B13:B5012,A14) -> 44 | G14: =F14/D14 -> 0.52380952 | H14: =IFS(G14<0.4,"Needs Attention",G14<0.55,"Average",G14>=0.55,"Strong") -> Average
... A62: CN1016 | B62: {=XLOOKUP(A62,connector_leads!B61:B5060,connector_leads!C61:C5060)} -> Hyderabad | C62: {=XLOOKUP(A62,connector_leads!B61:B5060,connector_leads!D61:D5060)} -> Aggregator | D62: =COUNTIF(connector_leads!B61:B5060,A62) -> 87 | E62: =SUMIFS(connector_leads!H61:H5060,connector_leads!B61:B5060,A62) -> 42 | F62: =SUMIFS(connector_leads!J61:J5060,connector_leads!B61:B5060,A62) -> 35 | G62: =F62/D62 -> 0.40229885 | H62: =IFS(G62<0.4,"Needs Attention",G62<0.55,"Average",G62>=0.55,"Strong") -> Average
